"spine","title","year","ccid","dbid"
"0001","Grand Illusion","1937","351","1294808"
"0002","Seven Samurai","1954","165","1295399"
"0003","The Lady Vanishes","1938","358","1292760"
"0004","Amarcord","1973","208","1298672"
"0005","The 400 Blows","1959","151","1300056"
"0006","Beauty and the Beast","1946","177","1295913"
"0007","A Night to Remember","1958","521","1292890"
"0008","The Killer","1989","231","1296519"
"0009","Hard Boiled","1992","523","1293147"
"0010","Walkabout","1971","522","1295835"
"0011","The Seventh Seal","1957","173","1293234"
"0012","This Is Spinal Tap","1984","317","1293095"
"0013","The Silence of the Lambs","1991","528","1293544"
"0014","Samurai I: Musashi Miyamoto","1954","529","1296228"
"0015","Samurai II: Duel at Ichijoji Temple","1955","530","1304858"
"0016","Samurai III: Duel at Ganryu Island","1956","531","1304859"
"0017","Salò, or The 120 Days of Sodom","1976","532","1293691"
"0018","The Naked Kiss","1964","533","1294823"
"0019","Shock Corridor","1963","534","1298471"
"0020","Sid & Nancy","1986","535","1293694"
"0021","Dead Ringers","1988","541","1293297"
"0022","Summertime","1955","368","1293491"
"0023","RoboCop","1987","542","1294791"
"0024","High and Low","1963","543","1293663"
"0025","Alphaville","1965","207","1316524"
"0026","The Long Good Friday","1979","559","1292848"
"0027","Flesh for Frankenstein","1973","562","1298855"
"0028","Blood for Dracula","1974","564","1297364"
"0029","Picnic at Hanging Rock","1975","565","1299539"
"0030","M","1931","558","1293381"
"0031","Great Expectations","1946","566","1297550"
"0032","Oliver Twist","1948","567","1299785"
"0033","Nanook of the North","1922","574","1292735"
"0034","Andrei Rublev","1966","300","1298248"
"0035","Diabolique","1955","575","1293213"
"0036","The Wages of Fear","1953","370","1299932"
"0037","Time Bandits","1981","232","1292948"
"0038","Branded to Kill","1967","576","1401331"
"0039","Tokyo Drifter","1966","577","1296517"
"0040","Armageddon","1998","578","1292769"
"0041","Henry V","1944","579","1297375"
"0042","Fishing with John","1992","580","1424546"
"0043","Lord of the Flies","1963","563","1421051"
"0044","The Red Shoes","1948","233","1299204"
"0045","Taste of Cherry","1997","242","1296177"
"0046","The Most Dangerous Game","1932","584","1298019"
"0047","Insomnia","1997","585","1294665"
"0048","Black Orpheus","1959","344","1295967"
"0049","Nights of Cabiria","1957","243","1294781"
"0050","And the Ship Sails On","1984","587","1303533"
"0051","Brazil","1985","211","1293823"
"0052","Yojimbo","1961","597","1292515"
"0053","Sanjuro","1962","598","1293310"
"0054","For All Mankind","1989","599","1416870"
"0055","The Unbearable Lightness of Being","1988","600","1291859"
"0056","The 39 Steps","1935","234","1298412"
"0057","Charade","1963","603","1295187"
"0058","Peeping Tom","1960","235","1299665"
"0059","The Night Porter","1974","604","1304687"
"0060","Autumn Sonata","1978","605","1297268"
"0061","Monty Python’s Life of Brian","1979","606","1292881"
"0062","The Passion of Joan of Arc","1928","228","1293783"
"0063","Carnival of Souls","1962","607","1447032"
"0064","The Third Man","1949","236","1295451"
"0065","Rushmore","1998","333","1296835"
"0067","The Blood of a Poet","1930","609","1303263"
"0068","Orpheus","1950","610","1436764"
"0069","Testament of Orpheus","1959","611","1419169"
"0070","The Last Temptation of Christ","1988","612","1292889"
"0071","The Magic Flute","1975","613","1292928"
"0072","Le million","1931","614","1296419"
"0073","Cléo from 5 to 7","1962","244","1294565"
"0074","Vagabond","1985","245","1292445"
"0075","Chasing Amy","1997","615","1294058"
"0076","Brief Encounter","1945","345","1294364"
"0077","And God Created Woman","1956","616","1293758"
"0078","The Bank Dick","1940","617","1752120"
"0079","W. C. Fields—Six Short Films","1933","618","1752128"
"0079","Pool Sharks","1915","618","1946486"
"0079","The Golf Specialist","1930","618","1946487"
"0079","The Dentist","1932","618","1946532"
"0079","The Fatal Glass of Beer","1933","618","1946533"
"0079","The Barber Shop","1933","618","1946537"
"0079","The Pharmacist","1933","618","1946535"
"0080","The Element of Crime","1984","619","1298734"
"0081","Variety Lights","1950","620","1294343"
"0082","Hamlet","1948","621","1296390"
"0083","The Harder They Come","1973","623","1301883"
"0084","Good Morning","1959","624","1298063"
"0085","Pygmalion","1938","365","1300614"
"0086","Ivan the Terrible, Part I","1944","625","1298182"
"0087","Alexander Nevsky","1938","341","1299973"
"0088","Ivan the Terrible, Part II","1958","354","1474367"
"0089","Sisters","1973","377","1293568"
"0090","Kwaidan","1965","629","1303083"
"0091","The Blob","1958","630","1440617"
"0092","Fiend Without a Face","1958","631","1752145"
"0093","Black Narcissus","1947","632","1292733"
"0094","I Know Where I’m Going!","1945","633","1308333"
"0095","All That Heaven Allows","1955","635","1303345"
"0096","Written on the Wind","1956","636","1303302"
"0097","Do the Right Thing","1989","286","1293958"
"0098","L’avventura","1960","209","1389923"
"0099","Gimme Shelter","1970","637","1419271"
"0100","Beastie Boys Video Anthology","2000","638","1440130"
"0101","Cries and Whispers","1972","237","1296147"
"0102","The Discreet Charm of the Bourgeoisie","1972","310","1303364"
"0103","The Lady Eve","1941","639","1303415"
"0104","Double Suicide","1969","640","1294378"
"0105","Spartacus","1960","449","1298366"
"0106","Coup de torchon","1981","647","1303063"
"0107","Mona Lisa","1986","648","1299557"
"0108","The Rock","1996","649","1292728"
"0109","The Scarlet Empress","1934","431","1298465"
"0110","Monsieur Hulot’s Holiday","1953","360","1305790"
"0111","Mon oncle","1958","650","1400829"
"0112","PlayTime","1967","651","1303543"
"0113","Big Deal on Madonna Street","1958","652","1303089"
"0114","My Man Godfrey","1936","653","1300241"
"0115","Rififi","1955","654","1299885"
"0116","The Hidden Fortress","1958","655","1303110"
"0117","Diary of a Chambermaid","1964","656","1298474"
"0118","Sullivan’s Travels","1941","657","1303416"
"0119","Withnail and I","1986","658","1304857"
"0120","How to Get Ahead in Advertising","1988","660","1752159"
"0121","Billy Liar","1963","662","1427349"
"0122","Salesman","1968","663","1395036"
"0123","Grey Gardens","1976","664","1419111"
"0124","Day of Wrath","1943","442","1305896"
"0124","Ordet","1955","441","1303566"
"0124","Gertrud","1964","443","1420116"
"0124","Carl Th. Dreyer—My Metier","1995","667","1420117"
"0125","Day of Wrath","1943","442","1305896"
"0126","Ordet","1955","441","1303566"
"0127","Gertrud","1964","443","1420116"
"0128","Carl Th. Dreyer—My Metier","1995","667","1420117"
"0129","Le trou","1960","668","1424334"
"0130","The Shop on Main Street","1965","669","1292830"
"0131","Closely Watched Trains","1966","212","1303081"
"0132","The Ruling Class","1972","678","1297380"
"0133","The Vanishing","1988","677","1296432"
"0134","Häxan","1922","352","1439560"
"0135","Rebecca","1940","680","1293824"
"0136","Spellbound","1945","681","1293973"
"0137","Notorious","1946","682","1300766"
"0138","Rashomon","1950","307","1291879"
"0139","Wild Strawberries","1957","175","1293071"
"0140","8½","1963","150","1361276"
"0141","Children of Paradise","1945","683","1300375"
"0142","The Last Wave","1977","685","1304855"
"0143","That Obscure Object of Desire","1977","686","1303071"
"0144","Loves of a Blonde","1965","246","1303082"
"0145","The Firemen’s Ball","1967","688","1303080"
"0146","The Cranes Are Flying","1957","547","1302077"
"0147","In the Mood for Love","2000","198","1291557"
"0148","Ballad of a Soldier","1959","343","1295614"
"0149","Juliet of the Spirits","1965","689","1299485"
"0150","Bob le flambeur","1956","690","1299521"
"0151","Traffic","2000","381","1299235"
"0152","George Washington","2000","691","1307065"
"0153","General Idi Amin Dada: A Self-Portrait","1974","545","1419851"
"0154","The Horse’s Mouth","1958","695","1295918"
"0155","Tokyo Olympiad","1965","709","1301138"
"0156","Hearts and Minds","1974","711","1301027"
"0157","The Royal Tenenbaums","2001","230","1306031"
"0158","The Importance of Being Earnest","1952","355","1424642"
"0159","Red Beard","1965","713","1296679"
"0160","À nous la liberté","1931","714","1408311"
"0161","Under the Roofs of Paris","1930","715","1306854"
"0162","Ratcatcher","1999","716","1322674"
"0163","Hopscotch","1980","717","1418516"
"0164","Solaris","1972","553","1300977"
"0165","Man Bites Dog","1992","718","1308476"
"0166","Down by Law","1986","719","1301798"
"0168","Monterey Pop","1968","720","1420268"
"0169","Jimi Plays Monterey & Shake! Otis at Monterey","1986","722","1470499"
"0170","Trouble in Paradise","1932","723","1294746"
"0171","Contempt","1963","239","1303555"
"0172","Pépé le moko","1937","363","1304571"
"0173","The Life and Death of Colonel Blimp","1943","359","1299816"
"0174","Band of Outsiders","1964","291","1401588"
"0175","Fear and Loathing in Las Vegas","1998","215","1295576"
"0176","The Killers","1946","724","1449340"
"0176","The Killers","1964","725","1294571"
"0177","The Lost Honor of Katharina Blum","1975","726","1292865"
"0178","My Life as a Dog","1985","727","1291976"
"0180","I Am Curious—Yellow","1967","728","1401623"
"0181","I Am Curious—Blue","1967","729","1401624"
"0182","Straw Dogs","1971","730","1293028"
"0183","Les dames du Bois de Boulogne","1945","451","1307580"
"0184","Desistfilm","1954","731","1478039"
"0184","Mothlight","1963","731","1463715"
"0184","Eye Myth","1967","731","1937065"
"0184","The Wold Shadow","1972","731","1865020"
"0184","The Garden of Earthly Delights","1981","731","1937071"
"0184","Night Music","1986","731","1465942"
"0184","The Dante Quartet","1987","731","1477508"
"0184","Rage Net","1988","731","1865024"
"0184","Glaze of Cathexis","1990","731","1464195"
"0184","Delicacies of Molten Horror Synapse","1991","731","1474737"
"0184","Black Ice","1994","731","1464196"
"0184","Window Water Baby Moving","1959","731","1478037"
"0184","The Act of Seeing with One's Own Eyes","1971","731","1865030"
"0184","I...Dreaming","1988","731","1917134"
"0184","Cat's Cradle","1959","731","1462666"
"0184","The Dark Tower","1999","731","1865018"
"0184","Kindering","1987","731","1937073"
"0184","Wedlock House: An Intercourse","1959","731","1466207"
"0184","The Stars Are Beautiful","1974","731","1464919"
"0184","Lovesong","2001","731","1869107"
"0184","Crack Glass Eulogy","1992","731","1937020"
"0184","Study in Color and Black and White","1993","731","1465944"
"0184","For Marilyn","1992","731","1865029"
"0184","Commingled Containers","1997","731","1464918"
"0184","Dog Star Man","1964","731","26881181"
"0186","Stolen Kisses","1968","732","1298197"
"0187","Bed and Board","1970","733","1298892"
"0188","Love on the Run","1979","734","1300067"
"0189","The White Sheik","1952","374","1433560"
"0190","Throne of Blood","1957","735","1294827"
"0191","Jubilee","1978","736","1401886"
"0192","Coup de grâce","1976","737","1292763"
"0193","Quai des Orfèvres","1947","738","1308466"
"0194","Il posto","1961","364","1302119"
"0195","I fidanzati","1962","739","1304591"
"0196","Hiroshima mon amour","1959","217","1302050"
"0197","Night and Fog","1955","238","1298270"
"0198","Ali: Fear Eats the Soul","1974","152","1294092"
"0199","Schizopolis","1996","740","1440615"
"0200","The Honeymoon Killers","1969","582","1298247"
"0201","Umberto D.","1952","371","1296097"
"0202","Indiscretion of an American Wife","1953","586","1298764"
"0204","The Marriage of Maria Braun","1978","592","1298655"
"0205","Veronika Voss","1982","593","1302108"
"0206","Lola","1981","595","1294129"
"0207","The Pornographers","1966","602","1299038"
"0209","Through a Glass Darkly","1961","568","1302488"
"0210","Winter Light","1963","569","1296792"
"0211","The Silence","1963","570","1300958"
"0212","Ingmar Bergman Makes a Movie","1962","608","2037991"
"0213","Richard III","1955","366","1298208"
"0214","The Devil and Daniel Webster","1941","622","1293860"
"0215","Knife in the Water","1962","219","1303086"
"0216","The Rules of the Game","1939","295","1401261"
"0217","Tokyo Story","1953","284","1291568"
"0218","Le cercle rouge","1970","628","1401915"
"0219","La strada","1954","185","1292719"
"0220","Naked Lunch","1991","634","1298596"
"0221","Ikiru","1952","353","1293847"
"0222","Diary of a Country Priest","1951","452","1401618"
"0223","Maîtresse","1976","554","1417372"
"0224","Pickup on South Street","1953","446","1305732"
"0225","Tunes of Glory","1960","659","1302854"
"0226","Onibaba","1964","665","1308657"
"0227","Le Corbeau","1943","684","1295328"
"0228","Salvatore Giuliano","1962","687","1401612"
"0229","Scenes from a Marriage","1973","710","1292981"
"0230","3 Women","1977","712","1293599"
"0231","The Testament of Dr. Mabuse","1933","721","1441134"
"0232","Floating Weeds","1959","349","1297841"
"0232","A Story of Floating Weeds","1934","752","1308278"
"0233","Stray Dog","1949","788","1293107"
"0234","The Tin Drum","1979","789","1292207"
"0235","The Leopard","1963","790","1293146"
"0236","Mamma Roma","1962","375","1293305"
"0237","Smiles of a Summer Night","1955","849","1298494"
"0238","A Woman Is a Woman","1961","854","1293849"
"0239","The Lower Depths","1957","857","1297331"
"0239","The Lower Depths","1936","870","1401614"
"0240","Early Summer","1951","875","1401842"
"0242","The Golden Coach","1953","889","1294642"
"0243","French Cancan","1955","891","1293074"
"0244","Elena and Her Men","1956","937","1303563"
"0245","Port of Shadows","1938","947","1416910"
"0246","I vitelloni","1953","966","1300779"
"0247","Slacker","1991","408","1428096"
"0248","Videodrome","1983","240","1295276"
"0249","The Battle of Algiers","1966","248","1419005"
"0251","Shadows","1959","500","1295167"
"0252","Faces","1968","915","1292644"
"0253","A Woman Under the Influence","1974","510","1293525"
"0254","The Killing of a Chinese Bookie","1976","958","1438613"
"0255","Opening Night","1977","957","1292768"
"0256","A Constant Forge","2000","956","1765508"
"0257","Secret Honor","1984","955","1301187"
"0258","Tanner ’88","1988","952","1440612"
"0259","Fat Girl","2001","548","1308525"
"0260","Eyes Without a Face","1960","950","1297735"
"0263","Fanny and Alexander","1982","201","1292784"
"0264","The Making of Fanny and Alexander","1982","627","1449473"
"0265","Short Cuts","1993","376","1297833"
"0266","The King of Kings","1927","949","1444586"
"0267","Kagemusha","1980","948","1303067"
"0268","Youth of the Beast","1963","946","1444583"
"0269","Fighting Elegy","1966","945","1401859"
"0270","Casque d’or","1952","942","1417947"
"0271","Touchez pas au grisbi","1954","941","1304495"
"0272","La commare secca","1962","940","1441973"
"0273","Thieves’ Highway","1949","939","1438410"
"0274","Night and the City","1950","933","1305032"
"0275","Tout va bien","1972","929","1401582"
"0276","The River","1951","679","1416677"
"0277","My Own Private Idaho","1991","249","1292792"
"0278","L’eclisse","1962","928","1293105"
"0279","Young Törless","1966","926","1298242"
"0280","The Sword of Doom","1966","925","1440164"
"0281","Jules and Jim","1962","218","1292338"
"0282","A Generation","1955","921","1417454"
"0282","Kanal","1957","916","1305647"
"0282","Ashes and Diamonds","1958","342","1303174"
"0283","A Generation","1955","921","1417454"
"0284","Kanal","1957","916","1305647"
"0285","Ashes and Diamonds","1958","342","1303174"
"0286","Divorce Italian Style","1961","877","1303186"
"0287","Burden of Dreams","1982","546","1296634"
"0288","F for Fake","1975","908","1440610"
"0289","Hoop Dreams","1994","906","1297797"
"0290","The Phantom of Liberty","1974","905","1297188"
"0291","Heaven Can Wait","1943","878","1293608"
"0292","Unfaithfully Yours","1948","876","1294824"
"0293","The Flowers of St. Francis","1950","874","1303580"
"0294","The Browning Version","1951","873","1304763"
"0295","Crazed Fruit","1956","872","1424640"
"0296","Le notti bianche","1957","868","1303561"
"0297","Au hasard Balthazar","1966","455","1401619"
"0298","Gate of Flesh","1964","863","1424613"
"0299","Story of a Prostitute","1965","862","1429146"
"0300","The Life Aquatic with Steve Zissou","2004","741","1308976"
"0301","An Angel at My Table","1990","742","1302606"
"0302","Harakiri","1962","743","1304920"
"0303","Bad Timing","1980","744","1301284"
"0304","The Man Who Fell to Earth","1976","755","1293443"
"0305","Boudu Saved from Drowning","1932","756","1302490"
"0306","Le samouraï","1967","184","1300966"
"0307","Naked","1993","220","1299077"
"0308","Masculin féminin","1966","508","1300522"
"0309","Ugetsu","1953","369","1303577"
"0310","Samurai Rebellion","1967","753","1300738"
"0311","Sword of the Beast","1965","761","1434330"
"0312","Samurai Spy","1965","762","1434178"
"0313","Kill!","1968","763","1547174"
"0314","Pickpocket","1959","229","1303559"
"0315","Shoot the Piano Player","1960","764","1298095"
"0316","Ran","1985","754","1296196"
"0317","The Tales of Hoffmann","1951","748","1299277"
"0318","Forbidden Games","1952","350","1421933"
"0319","The Bad Sleep Well","1960","765","1297589"
"0320","Young Mr. Lincoln","1939","766","1293499"
"0321","The Virgin Spring","1960","372","1293156"
"0322","The Complete Mr. Arkadin","1955","767","1303567"
"0323","The Children Are Watching Us","1944","772","1294236"
"0324","La bête humaine","1938","773","1436858"
"0325","Kind Hearts and Coronets","1949","357","1295995"
"0326","Metropolitan","1990","774","1303915"
"0327","Murmur of the Heart","1971","775","1297201"
"0327","Lacombe, Lucien","1974","776","1432637"
"0327","Au revoir les enfants","1987","549","1292586"
"0328","Murmur of the Heart","1971","775","1297201"
"0329","Lacombe, Lucien","1974","776","1432637"
"0330","Au revoir les enfants","1987","549","1292586"
"0331","Late Spring","1949","298","1307265"
"0332","Viridiana","1961","373","1303557"
"0333","Fists in the Pocket","1965","348","1401620"
"0334","Harlan County USA","1976","777","1294724"
"0335","Elevator to the Gallows","1958","778","1394342"
"0336","Dazed and Confused","1993","314","1294720"
"0337","À nos amours","1983","779","1421934"
"0338","Equinox","1970","780","1743692"
"0339","Yi Yi","2000","781","1292434"
"0340","Koko: A Talking Gorilla","1978","782","1765574"
"0341","A Canterbury Tale","1944","785","1295943"
"0343","The Bakery Girl of Monceau","1963","786","1394348"
"0344","Suzanne’s Career","1963","787","1293030"
"0345","My Night at Maud’s","1969","791","1296283"
"0346","La collectionneuse","1967","792","1297344"
"0347","Claire’s Knee","1970","793","1294915"
"0348","Love in the Afternoon","1972","794","1293963"
"0349","Kicking and Screaming","1995","795","1303435"
"0350","Seduced and Abandoned","1964","796","1295801"
"0351","The Spirit of the Beehive","1973","367","1401900"
"0352","Jigoku","1960","797","1764189"
"0353","Sólo con tu pareja","1991","798","1468030"
"0354","Clean, Shaven","1994","551","1498848"
"0355","Hands over the City","1963","799","1295463"
"0356","Sweetie","1989","749","1298736"
"0357","The Fallen Idol","1948","346","1476698"
"0358","Pandora’s Box","1929","362","1401368"
"0359","The Double Life of Véronique","1991","214","1291877"
"0360","Symbiopsychotaxiplasm","1968","751","1876327"
"0361","The Beales of Grey Gardens","2006","666","1876329"
"0362","Border Radio","1987","802","1904185"
"0363","Mouchette","1967","456","1302413"
"0365","First Man into Space","1959","803","1293814"
"0366","The Atomic Submarine","1959","804","1294329"
"0367","The Haunted Strangler","1958","805","1293061"
"0368","Corridors of Blood","1959","806","1904183"
"0369","Borderline","1930","810","1924245"
"0369","Paul Robeson: Tribute to an Artist","1979","808","1924241"
"0369","Jericho","1937","812","1924247"
"0369","Native Land","1942","814","1924252"
"0370","The Emperor Jones","1933","807","1922044"
"0371","Body and Soul","1925","809","1924243"
"0372","Sanders of the River","1935","811","1924246"
"0373","The Proud Valley","1940","813","1924251"
"0374","Bicycle Thieves","1948","210","1295873"
"0375","Green for Danger","1946","815","1297944"
"0376","49th Parallel","1941","520","1293592"
"0377","When a Woman Ascends the Stairs","1960","816","1419479"
"0378","Fires on the Plain","1959","347","1296872"
"0379","The Burmese Harp","1956","817","1303090"
"0380","The Naked City","1948","818","1299245"
"0381","La haine","1995","216","1306449"
"0382","Overlord","1975","550","1295876"
"0383","Brute Force","1947","820","1464169"
"0384","Vengeance Is Mine","1979","822","1294940"
"0385","Army of Shadows","1969","153","1466419"
"0386","Sansho the Bailiff","1954","823","1303573"
"0387","La Jetée","1963","329","1306626"
"0387","Sans Soleil","1983","304","1401901"
"0388","The Two of Us","1967","757","1302428"
"0389","WR: Mysteries of the Organism","1971","824","1845260"
"0390","Sweet Movie","1974","552","1466290"
"0391","If....","1968","825","1307973"
"0393","Pitfall","1962","827","1432780"
"0394","Woman in the Dunes","1964","826","1295812"
"0395","The Face of Another","1966","828","1432779"
"0396","Ace in the Hole","1951","829","1293841"
"0397","Ivan’s Childhood","1962","830","1294421"
"0398","Les enfants terribles","1950","758","1302072"
"0399","House of Games","1987","831","1303136"
"0400","Stranger Than Paradise","1984","252","1303723"
"0401","Night on Earth","1991","227","1301498"
"0402","The Milky Way","1969","832","1441509"
"0403","Cría cuervos . . .","1976","519","1303813"
"0404","Robinson Crusoe on Mars","1964","821","1298361"
"0405","The Threepenny Opera","1931","834","2130853"
"0406","A Dancer's World","1957","835","3031528"
"0406","Appalachian Spring","1958","835","2130872"
"0406","Night Journey","1960","835","2130874"
"0407","Mala Noche","1985","253","1306451"
"0408","Breathless","1960","268","1353745"
"0409","Days of Heaven","1978","213","1293232"
"0410","Under the Volcano","1984","837","1295993"
"0411","Berlin Alexanderplatz","1980","839","1300660"
"0412","Sawdust and Tinsel","1953","842","1300957"
"0413","Drunken Angel","1948","845","1294859"
"0414","Two-Lane Blacktop","1971","847","1868546"
"0415","The Naked Prey","1965","848","1304237"
"0416","Miss Julie","1951","361","1471839"
"0417","This Sporting Life","1963","853","1297865"
"0419","La Pointe Courte","1956","524","1297682"
"0420","Le bonheur","1965","525","1483516"
"0421","Pierrot le fou","1965","149","1292533"
"0422","The Last Emperor","1987","254","1293172"
"0423","Walker","1987","526","1305051"
"0424","Mafioso","1962","527","1962145"
"0425","Antonio Gaudí","1984","536","1418492"
"0426","The Ice Storm","1997","336","1300930"
"0427","Death of a Cyclist","1955","537","1475649"
"0428","Blast of Silence","1961","538","2382777"
"0429","The Lovers","1958","539","1296250"
"0430","The Fire Within","1963","540","1395247"
"0431","The Thief of Bagdad","1940","544","1293444"
"0432","Mishima: A Life in Four Chapters","1985","588","1305345"
"0433","Patriotism","1966","589","1437480"
"0434","Classe tous risques","1960","591","1783575"
"0435","The Furies","1950","596","2139359"
"0436","Before the Rain","1994","858","1303036"
"0437","Vampyr","1932","661","1300749"
"0438","Mon oncle Antoine","1971","590","1304873"
"0439","Trafic","1971","859","2007345"
"0440","Brand upon the Brain!","2006","746","1998458"
"0441","The Small Back Room","1949","747","1476630"
"0442","Twenty-Four Eyes","1954","745","1306807"
"0443","La ronde","1950","573","1294304"
"0444","Le plaisir","1952","572","1848300"
"0445","The Earrings of Madame de . . .","1953","571","1301122"
"0446","An Autumn Afternoon","1962","784","1294433"
"0447","Le doulos","1962","759","1466414"
"0448","Le deuxième souffle","1966","760","1438068"
"0449","Missing","1982","769","1292927"
"0450","Bottle Rocket","1996","594","1294548"
"0451","Fanfan la Tulipe","1952","750","1298539"
"0452","The Spy Who Came in from the Cold","1965","860","1293190"
"0453","Chungking Express","1994","226","1291999"
"0454","Europa","1991","768","1296116"
"0455","White Dog","1982","861","2241829"
"0456","The Taking of Power by Louis XIV","1966","971","1303546"
"0457","Magnificent Obsession","1954","973","1295080"
"0458","El Norte","1983","972","1296066"
"0459","The Exterminating Angel","1962","1076","1303556"
"0460","Simon of the Desert","1965","1077","1302911"
"0461","Hobson’s Choice","1954","1078","1293170"
"0462","The Last Metro","1980","1084","1298616"
"0463","Il Generale Della Rovere","1959","1085","1294393"
"0464","Danton","1983","555","1305630"
"0465","Dodes’ka-den","1970","1083","1303077"
"0466","In the Realm of the Senses","1976","1287","1292790"
"0467","Empire of Passion","1978","1288","1294597"
"0468","Hyas et stenorinques","1929","1286","3431475"
"0468","Les Oursins","1958","1286","3431653"
"0468","Comment naissent les méduses","1960","1286","3431660"
"0468","Cristaux liquides","1978","1286","5169146"
"0468","L'hippocampe, ou 'Cheval marin'","1934","1286","3127835"
"0468","Les amours de la pieuvre","1967","1286","5169137"
"0468","Histoires de crevettes","1964","1286","6523968"
"0468","Acéra ou Le bal des sorcières","1972","1286","4262639"
"0468","Le vampire","1945","1286","1874753"
"0468","Assassins d'eau douce","1947","1286","3431648"
"0468","Danseuses de mer, Les","1960","1286","3431659"
"0468","Diatomées","1968","1286","5169145"
"0468","Les pigeons du square","1982","1286","5168667"
"0468","La Pieuvre","1928","1286","2242961"
"0468","Les oursins","1929","1286","2221082"
"0468","La daphnie","1929","1286","3431485"
"0468","L'Oeufs d'épinoche","1929","1286","3431468"
"0468","Traitement expérimental d'une hémorragie chez le chien","1930","1286","6531769"
"0468","Images mathématiques de la quatrième dimension","1937","1286","3431599"
"0468","Images mathématiques de la lutte pour la vie","1937","1286","6531783"
"0468","Voyage dans le ciel","1937","1286","3431581"
"0468","Similarities Between Length and Speed","1937","1286","6532820"
"0468","Barbe-Bleue","1936","1286","1996329"
"0469","The Hit","1984","1285","1547127"
"0470","Wise Blood","1979","1424","1302064"
"0472","Pigs and Battleships","1962","1428","1420283"
"0473","The Insect Woman","1963","1430","1302917"
"0474","Intentions of Murder","1964","1431","1433503"
"0475","The Friends of Eddie Coyle","1973","1426","1301020"
"0476","The Curious Case of Benjamin Button","2008","1584","1485260"
"0477","Bergman Island","2006","556","1889155"
"0478","Last Year at Marienbad","1961","1517","1400240"
"0479","My Dinner with André","1981","1093","1304953"
"0480","The Human Condition","1959","2106","1298561"
"0481","Made in U.S.A","1966","2109","1304741"
"0482","2 or 3 Things I Know About Her","1967","1333","1300964"
"0483","Repulsion","1965","404","1301647"
"0484","Jeanne Dielman, 23, quai du Commerce, 1080 Bruxelles","1975","302","1868933"
"0485","The Last Days of Disco","1998","2954","1293453"
"0486","Homicide","1991","3558","1307196"
"0487","That Hamilton Woman","1941","3559","1292885"
"0488","Howards End","1992","1515","1293706"
"0489","Monsoon Wedding","2001","2364","1307772"
"0490","Wings of Desire","1987","200","1292504"
"0491","Z","1969","1400","1299026"
"0492","A Christmas Tale","2008","474","2044081"
"0493","Gomorrah","2008","1590","3040438"
"0494","Downhill Racer","1969","20391","1306944"
"0495","Marty","1953","3560","25944662"
"0495","Patterns","1956","3560","4002479"
"0495","No Time for Sergeants","1955","3560","4002481"
"0495","A Wind from the South","1955","3560","4002482"
"0495","Requiem for a Heavyweight","1956","3560","4002490"
"0495","Bang the Drum Slowly","1956","3560","4002492"
"0495","The Comedian","1957","3560","4002502"
"0495","Days of Wine and Roses","1958","3560","4002509"
"0496","Che","2008","20987","1929402"
"0496","Che","2008","20987","1471508"
"0497","Rome Open City","1945","975","1296669"
"0498","Paisan","1946","2415","1299257"
"0499","Germany Year Zero","1948","297","1293153"
"0501","Paris, Texas","1984","1502","1302061"
"0502","Revanche","2008","85","3062588"
"0503","Lola Montès","1955","938","1293401"
"0504","Hunger","2008","477","3070921"
"0505","Make Way for Tomorrow","1937","2350","1302017"
"0506","Dillinger Is Dead","1969","21641","1308666"
"0507","Bigger Than Life","1956","1929","1855271"
"0509","Ossos","1997","21942","1768144"
"0510","In Vanda’s Room","2000","20820","1829859"
"0511","Colossal Youth","2006","439","1937459"
"0512","Vivre sa vie","1962","3060","1296757"
"0513","Summer Hours","2008","473","1949376"
"0514","Ride with the Devil","1999","17282","1293303"
"0515","The Fugitive Kind","1960","17998","1293217"
"0516","Stagecoach","1939","980","1298134"
"0518","The Wonder Ring","1955","23953","2054943"
"0518","The Dead","1960","23953","1478040"
"0518","Two: Creeley/McClure","1965","23953","5135423"
"0518","23rd Psalm Branch: Part I","1967","23953","5136015"
"0518","23rd Psalm Branch: Part II","1978","23953","5136013"
"0518","Scenes From Under Childhood","1967","23953","1855325"
"0518","The Machine of Eden","1970","23953","5085901"
"0518","Star Garden","1974","23953","5136068"
"0518","Desert","1976","23953","5136161"
"0518","The Process","1972","23953","4149762"
"0518","Burial Path","1978","23953","5136171"
"0518","Duplicity III","1980","23953","5135978"
"0518","The Domain of the Moment","1977","23953","5149306"
"0518","Murder Psalm","1980","23953","2054951"
"0518","Arabic Numeral Series 12","1981","23953","5136009"
"0518","Visions in Meditation #1","1989","23953","5135683"
"0518","Visions in Meditation #2: Mesa Verde","1989","23953","5135682"
"0518","Visions in Meditation #3: Plato's Cave","1990","23953","5135417"
"0518","Visions in Meditation #4: D.H. Lawrence","1990","23953","5135427"
"0518","Unconscious London Strata","1981","23953","5135846"
"0518","Boulder Blues and Pearls and...","1992","23953","5135579"
"0518","The Mammals of Victoria","1994","23953","5135511"
"0518","First Hymn to the Night - Novalis","1994","23953","5135538"
"0518","I Take These Truths","1994","23953","5110728"
"0518","The Cat of the Worm's Green Realm","1997","23953","5135319"
"0518","Yggdrasill: Whose Roots Are Stars in the Human Mind","1997","23953","5135188"
"0518","Reel Five","1999","23953","5148546"
"0518","Persian Series #1","1999","23953","1919385"
"0518","Persian Series #2","1999","23953","1919386"
"0518","Persian Series #3","1999","23953","1919387"
"0518","Chinese Series","2003","23953","4149735"
"0519","Close-up","1990","1092","1303521"
"0520","Everlasting Moments","2008","21118","3154392"
"0521","Mystery Train","1989","2057","1296534"
"0522","Red Desert","1964","1454","1299261"
"0523","Night Train to Munich","1940","25039","1882019"
"0525","The Only Son","1936","2606","1308311"
"0526","There Was a Father","1942","22839","1304405"
"0527","The Secret of the Grain","2007","1344","2156069"
"0529","Underworld","1927","21766","1303347"
"0530","The Last Command","1928","6721","1292539"
"0531","The Docks of New York","1928","1942","1855285"
"0532","Louie Bluie","1985","27509","1978934"
"0533","Crumb","1995","2104","1418091"
"0534","L’enfance nue","1968","2337","1427865"
"0535","Merry Christmas Mr. Lawrence","1983","27512","1303535"
"0536","The Thin Red Line","1998","27513","1292781"
"0537","The Magician","1958","27521","1440725"
"0538","Paths of Glory","1957","27522","1292969"
"0539","House","1977","27523","2278795"
"0540","The Darjeeling Limited","2007","27520","1968438"
"0541","The Night of the Hunter","1955","27525","1293582"
"0542","Antichrist","2009","27524","3040418"
"0543","Modern Times","1936","27526","1294371"
"0544","Head","1968","27527","2081630"
"0545","Easy Rider","1969","27528","1297646"
"0546","Five Easy Pieces","1970","27529","1298192"
"0547","Drive, He Said","1970","27530","2055771"
"0548","A Safe Place","1971","27531","5044733"
"0549","The Last Picture Show","1971","27533","1298026"
"0550","The King of Marvin Gardens","1972","27532","1294636"
"0551","Cronos","1993","27534","1306942"
"0552","Broadcast News","1987","27535","1292511"
"0553","Fish Tank","2009","27541","3073875"
"0554","Still Walking","2008","27540","2222996"
"0555","Sweet Smell of Success","1957","27542","1302808"
"0556","Senso","1954","27543","1303572"
"0557","The Times of Harvey Milk","1984","27549","1301132"
"0558","Topsy-Turvy","1999","27550","1293528"
"0559","The Mikado","1939","27551","5071178"
"0560","White Material","2009","27559","2302211"
"0561","Kes","1970","27560","1297920"
"0562","Blow Out","1981","27561","1299027"
"0563","Something Wild","1986","27603","1301827"
"0564","Pale Flower","1964","27604","1424656"
"0565","The Great Dictator","1940","27605","1295646"
"0566","Insignificance","1985","27618","1422189"
"0567","The Makioka Sisters","1983","27619","1299777"
"0568","Kiss Me Deadly","1955","27620","1303569"
"0569","People on Sunday","1930","27625","1940179"
"0570","Zazie dans le métro","1960","27626","1401890"
"0571","Black Moon","1975","27627","1428995"
"0572","Léon Morin, Priest","1961","27660","1466412"
"0573","The Music Room","1958","27657","1440613"
"0574","Life During Wartime","2010","27659","3198335"
"0575","The Killing","1956","27751","1293936"
"0576","Secret Sunshine","2007","27750","1853770"
"0577","Cul-de-sac","1966","27658","1316647"
"0578","À propos de Nice","1930","27752","1401909"
"0578","Taris, roi de l'eau","1930","27752","1401910"
"0578","Zéro de conduite","1933","27757","1294518"
"0578","L’Atalante","1934","27758","1299433"
"0579","The Phantom Carriage","1921","27630","1465471"
"0580","Le beau Serge","1958","27817","1429139"
"0581","Les cousins","1959","27816","1298254"
"0582","Carlos","2010","27818","3283192"
"0583","The Four Feathers","1939","27555","1294027"
"0584","Kuroneko","1968","27628","1472301"
"0585","Identification of a Woman","1982","27629","1358418"
"0586","Island of Lost Souls","1932","27861","1304791"
"0588","Three Colors: Blue","1993","27731","1292048"
"0589","Three Colors: White","1994","27732","1292049"
"0590","Three Colors: Red","1994","27733","1292047"
"0591","12 Angry Men","1957","27871","1293182"
"0592","Design for Living","1933","27872","1775077"
"0593","Belle de jour","1967","27949","1301649"
"0594","Godzilla","1954","27755","2059276"
"0595","The Moment of Truth","1965","27674","2241840"
"0596","Three Outlaw Samurai","1964","27734","1301212"
"0597","Tiny Furniture","2010","28317","5158678"
"0598","World on a Wire","1973","27742","3228134"
"0599","Vanya on 42nd Street","1994","28022","1306194"
"0600","Anatomy of a Murder","1959","27901","1293177"
"0601","Letter Never Sent","1959","27673","1297791"
"0602","The War Room","1993","28029","1295882"
"0604","In Which We Serve","1942","28185","1292815"
"0605","This Happy Breed","1944","28144","1298449"
"0606","Blithe Spirit","1945","28156","1293057"
"0607","Manual of Arms","1966","27945","10461810"
"0607","Process Red","1966","27945","10461811"
"0607","Maxwell's Demon","1968","27945","1972699"
"0607","Surface Tension","1968","27945","1972647"
"0607","Carrots & Peas","1969","27945","10448897"
"0607","Lemon","1969","27945","1722765"
"0607","Zorn's Lemma","1970","27945","1722722"
"0607","Hapax Legomena I: Nostalgia","1971","27945","1477510"
"0607","Hapax Legomena II: Poetic Justice","1972","27945","1722577"
"0607","Hapax Legomena III: Critical Mass","1971","27945","1972677"
"0607","The Birth of Magellan: Cadenza I","1977","27945","10461821"
"0607","Pan 0","1974","27945","10461800"
"0607","Pan 1","1974","27945","10461801"
"0607","Pan 2","1974","27945","10461802"
"0607","Pan 3","1974","27945","10461803"
"0607","Pan 4","1974","27945","10461804"
"0607","Pan 697","1974","27945","10461806"
"0607","Pan 698","1974","27945","10461807"
"0607","Pan 699","1974","27945","10461808"
"0607","Pan 700","1974","27945","10461809"
"0607","Ingenivm Nobis Ipsa Pvella Fecit: Part I","1975","27945","10461819"
"0607","Magellan: At the Gates of Death, Part I: The Red Gate I, 0","1976","27945","10461820"
"0607","Winter Solstice","1974","27945","10461817"
"0607","Gloria!","1979","27945","10461822"
"0608","Harold and Maude","1971","27896","1292812"
"0609","¡Alambrista!","1977","28101","2295398"
"0610","The Organizer","1963","27612","2135922"
"0611","Being John Malkovich","1999","28055","1292279"
"0612","Certified Copy","2010","28353","2973543"
"0613","Summer Interlude","1951","27782","1295389"
"0614","Summer with Monika","1953","27638","1299536"
"0615","The Gold Rush","1942","27565","1298817"
"0616","Shallow Grave","1994","27981","1296718"
"0617","And Everything Is Going Fine","2010","27874","3071211"
"0618","Gray’s Anatomy","1997","28351","2051015"
"0619","Le Havre","2011","28352","4030657"
"0620","La promesse","1996","28073","1299067"
"0621","Rosetta","1999","28056","1300820"
"0622","Weekend","2011","27783","6024430"
"0623","Lonesome","1928","28212","1827659"
"0624","Quadrophenia","1979","27775","1452648"
"0625","Eating Raoul","1982","27767","2051943"
"0626","Les visiteurs du soir","1942","27685","1470768"
"0627","The Game","1997","28058","1296384"
"0628","The Forgiveness of Blood","2011","28379","5937923"
"0629","Sunday Bloody Sunday","1971","28025","1294730"
"0630","Rosemary’s Baby","1968","27927","1293852"
"0632","The Decameron","1971","28105","1299990"
"0633","The Canterbury Tales","1972","28106","1303731"
"0634","Arabian Nights","1974","28374","1294654"
"0635","Weekend","1967","28441","1296338"
"0636","Heaven’s Gate","1980","28036","1295905"
"0637","Purple Noon","1960","27810","1305080"
"0638","Following","1999","28030","1397546"
"0640","Koyaanisqatsi","1983","28034","1298202"
"0641","Powaqqatsi","1988","28033","1307260"
"0642","Naqoyqatsi","2002","28418","1305549"
"0643","The Man Who Knew Too Much","1934","27999","1297253"
"0644","Pina","2011","28404","3742993"
"0645","The Ballad of Narayama","1958","28240","1294737"
"0646","The Kid with a Bike","2011","28405","5972040"
"0647","On the Waterfront","1954","27899","1292521"
"0648","Chronicle of a Summer","1961","28394","1421292"
"0649","Ministry of Fear","1944","28065","1294384"
"0650","A Man Escaped","1956","27848","1303562"
"0651","Badlands","1973","28406","1297422"
"0652","Monsieur Verdoux","1947","27574","1294047"
"0653","Gate of Hell","1953","28199","1295914"
"0654","Repo Man","1984","28051","1304697"
"0655","The Suitor","1963","28395","4096051"
"0655","Yoyo","1965","28454","1963110"
"0655","As Long as You’ve Got Your Health","1966","28399","4901928"
"0655","Le grand amour","1969","28398","4230745"
"0655","Land of Milk and Honey","1971","28397","4901927"
"0656","Jubal","1956","28492","3620526"
"0657","3:10 to Yuma","1957","27910","1296962"
"0658","Medium Cool","1969","28426","1304516"
"0659","Life Is Sweet","1990","27982","1297313"
"0660","Things to Come","1936","27552","1293166"
"0661","Marketa Lazarová","1967","27876","1306847"
"0662","Safety Last!","1923","28446","1303388"
"0663","Shoah","1985","27968","1303328"
"0664","The Life of Oharu","1952","27705","1303603"
"0665","Babette’s Feast","1987","27894","1292278"
"0666","The Devil’s Backbone","2001","27914","1304044"
"0667","Seconds","1966","28428","1294877"
"0668","The Big City","1963","28448","1296310"
"0669","Charulata","1964","28447","1468782"
"0670","To Be or Not to Be","1942","27690","1303418"
"0671","La Cage aux Folles","1978","28045","1292791"
"0673","Stromboli","1950","28082","1294382"
"0674","Europe ’51","1952","28108","1293321"
"0675","Journey to Italy","1954","28081","1303576"
"0676","I Married a Witch","1942","27771","1439542"
"0677","The Uninvited","1944","27964","1293857"
"0678","La notte","1961","28111","1361252"
"0679","The Tale of Zatoichi","1962","28300","1303393"
"0679","The Tale of Zatoichi Continues","1962","28301","2144151"
"0679","New Tale of Zatoichi","1963","28302","3112632"
"0679","Zatoichi the Fugitive","1963","28303","2142133"
"0679","Zatoichi on the Road","1963","28304","2142142"
"0679","Zatoichi and the Chest of Gold","1964","28305","2058562"
"0679","Zatoichi's Flashing Sword","1964","28306","3112590"
"0679","Fight, Zatoichi, Fight","1964","28307","3112571"
"0679","Adventures of Zatoichi","1964","28308","3112596"
"0679","Zatoichi's Revenge","1965","28309","3112617"
"0679","Zatoichi and the Doomed Man","1965","28310","3112614"
"0679","Zatoichi and the Chess Expert","1965","28311","1303841"
"0679","Zatoichi's Vengeance","1966","28312","3112620"
"0679","Zatoichi's Pilgrimage","1966","28318","3112622"
"0679","Zatoichi's Cane Sword","1967","28313","3112637"
"0679","Zatoichi the Outlaw","1967","28583","1299332"
"0679","Zatoichi Challenged","1967","28314","1306898"
"0679","Zatoichi and the Fugitives","1968","28315","3112638"
"0679","Samaritan Zatoichi","1968","28316","3098785"
"0679","Zatoichi Meets Yojimbo","1970","28582","1308474"
"0679","Zatoichi Goes to the Fire Festival","1970","28584","1307629"
"0679","Zatoichi Meets the One-Armed Swordsman","1971","28585","1308572"
"0679","Zatoichi at Large","1972","28586","1307670"
"0679","Zatoichi in Desperation","1972","28587","1307157"
"0679","Zatoichi’s Conspiracy","1973","28588","1308568"
"0680","City Lights","1931","27558","1293908"
"0681","Frances Ha","2013","28560","11527487"
"0682","Investigation of a Citizen Above Suspicion","1970","27911","1303078"
"0683","Nashville","1975","28427","1293037"
"0685","Touki bouki","1973","28412","1424576"
"0686","Redes","1936","28408","3162784"
"0687","A River Called Titas","1973","28411","1782378"
"0688","Dry Summer","1964","28410","1299807"
"0689","Trances","1981","28413","4005490"
"0690","The Housemaid","1960","28409","1401523"
"0691","Thief","1981","28024","1292887"
"0692","It’s a Mad, Mad, Mad, Mad World","1963","28579","1293508"
"0693","La vie de bohème","1992","28086","1299877"
"0694","The Long Day Closes","1992","27984","2042560"
"0695","Blue Is the Warmest Color","2013","28603","10535568"
"0696","Foreign Correspondent","1940","27692","1295082"
"0697","Tess","1979","28594","1291872"
"0698","King of the Hill","1993","27965","1299830"
"0699","A Brief History of Time","1991","28559","1422895"
"0700","Fantastic Mr. Fox","2009","28565","1759386"
"0701","Persona","1966","28491","1294438"
"0702","The Great Beauty","2013","28604","10760030"
"0703","The Freshman","1925","28510","1303409"
"0704","Riot in Cell Block 11","1954","28551","4250015"
"0705","Breaking the Waves","1996","28350","1292468"
"0706","Master of the House","1925","27804","1506869"
"0707","Il sorpasso","1962","28429","1979027"
"0708","Like Someone in Love","2012","28616","5995338"
"0709","Red River","1948","28046","1292565"
"0710","Judex","1963","28047","1476649"
"0711","A Hard Day’s Night","1964","28547","1298566"
"0712","Scanners","1981","28043","1302481"
"0714","Lola","1961","27932","1471815"
"0715","Bay of Angels","1963","27935","1401908"
"0716","The Umbrellas of Cherbourg","1964","27933","1301646"
"0717","The Young Girls of Rochefort","1967","28615","1301648"
"0718","Donkey Skin","1970","28605","1301656"
"0719","Une chambre en ville","1982","27936","2969886"
"0720","The Big Chill","1983","28610","1293796"
"0721","Love Streams","1984","28032","1303532"
"0722","Tie Me Up! Tie Me Down!","1990","28593","1294315"
"0723","Y tu mamá también","2001","28005","1303333"
"0724","All That Jazz","1979","28561","1299330"
"0725","Eraserhead","1977","28382","1293925"
"0726","Macbeth","1971","28020","1437096"
"0727","The Innocents","1961","28569","1294825"
"0728","Sundays and Cybèle","1962","27912","1303087"
"0730","Jour de fête","1949","28114","1424620"
"0731","Parade","1974","28123","2007353"
"0732","My Darling Clementine","1946","28570","1299733"
"0733","La dolce vita","1960","28619","1293271"
"0734","The Shooting","1966","28580","1300812"
"0735","Ride in the Whirlwind","1966","28581","1958466"
"0736","It Happened One Night","1934","27900","1295684"
"0737","The Blues Accordin To Lightnin' Hopkins","1970","28658","4822448"
"0737","God Respects Us When We Work, But Loves Us When We Dance","1968","28658","5155829"
"0737","Spend It All","1972","28658","3440067"
"0737","A Well Spent Life","1972","28658","3440084"
"0737","Dry Wood","1973","28658","25959651"
"0737","Hot Pepper","1973","28658","25959652"
"0737","Always for Pleasure","1978","28658","4248264"
"0737","Garlic Is As Good As Ten Mothers","1980","28658","4317396"
"0737","Sprout Wings and Fly","1983","28658","25959658"
"0737","In Heaven There Is No Beer?","1984","28658","25710942"
"0737","Gap-Toothed Women","1987","28658","2216937"
"0737","Yum, Yum, Yum! A Taste of Cajun and Creole Cooking","1990","28658","5114163"
"0737","The Maestro: King of the Cowboy Artists","1995","28658","5115865"
"0737","Sworn to the Drum: A Tribute to Francisco Aguabella","1995","28658","5110446"
"0738","Tootsie","1982","28609","1297737"
"0739","Safe","1995","28548","1308422"
"0740","The Bitter Tears of Petra von Kant","1972","27953","1293230"
"0741","My Winnipeg","2007","27969","2285468"
"0742","The Palm Beach Story","1942","28103","1303417"
"0743","La Ciénaga","2001","28113","1420225"
"0744","Every Man for Himself","1980","28549","1401513"
"0745","Don't Look Now","1973","27928","1302294"
"0746","A Day in the Country","1936","28072","1401585"
"0747","Fellini Satyricon","1969","28038","1293358"
"0748","Watership Down","1978","28620","1296344"
"0749","The Soft Skin","1964","27640","1297046"
"0750","Ride the Pink Horse","1947","28066","1299470"
"0751","Gates of Heaven","1978","28354","1300179"
"0752","Vernon, Florida","1981","28356","1434179"
"0753","The Thin Blue Line","1988","28355","1296388"
"0754","Odd Man Out","1947","28173","1300356"
"0755","Le silence de la mer","1949","27979","1466403"
"0756","Limelight","1952","27557","1296659"
"0757","The Rose","1979","28572","1297146"
"0758","The Merchant of Four Seasons","1971","27960","1298863"
"0759","The Confession","1970","27873","1300652"
"0760","State of Siege","1972","28048","1304076"
"0761","Valerie and Her Week of Wonders","1970","27860","1437094"
"0762","A Master Builder","2014","28646","10749941"
"0763","The  Bridge","1959","27972","1439859"
"0764","The Fisher King","1991","28719","1292909"
"0765","The Black Stallion","1979","28685","1303287"
"0766","Here Is Your Life","1966","28552","2245845"
"0767","My Beautiful Laundrette","1985","28044","1296660"
"0768","The French Lieutenant’s Woman","1981","28037","1293603"
"0769","Day for Night","1973","28698","1293299"
"0770","Dressed to Kill","1980","28686","1299967"
"0771","Two Days, One Night","2014","28720","21624974"
"0772","Blind Chance","1981","28555","1307200"
"0773","Breaker Morant","1980","27766","1294778"
"0774","Mister Johnson","1990","28102","1296953"
"0775","A Room with a View","1986","28597","1293926"
"0776","Moonrise Kingdom","2012","28757","5360889"
"0777","The Brood","1979","28439","1305914"
"0778","A Special Day","1977","28659","1293395"
"0779","Mulholland Dr.","2001","28050","1292217"
"0780","Code Unknown","2000","28738","1296949"
"0781","In Cold Blood","1967","28788","1428166"
"0782","Pather Panchali","1955","28021","1306019"
"0782","Aparajito","1956","28443","1306559"
"0782","Apur Sansar","1959","27905","1295720"
"0783","Pather Panchali","1955","28021","1306019"
"0784","Aparajito","1956","28443","1306559"
"0785","Apur Sansar","1959","27905","1295720"
"0786","Dont Look Back","1967","28655","1305223"
"0787","Jellyfish Eyes","2013","28759","6814974"
"0788","Speedy","1928","28497","2023804"
"0789","Burroughs: The Movie","1983","28657","25892352"
"0790","Lady Snowblood","1973","28589","1440347"
"0791","Lady Snowblood: Love Song of Vengeance","1974","28590","1751654"
"0792","Bitter Rice","1949","27805","1441385"
"0793","The American Friend","1977","28763","1297511"
"0794","Inside Llewyn Davis","2013","28721","6887029"
"0795","Gilda","1946","27909","1301978"
"0796","The Emigrants","1971","28701","1295184"
"0797","The New Land","1972","28702","1471664"
"0798","Death by Hanging","1968","28360","1302766"
"0799","The Kid","1921","27566","1293270"
"0800","The Graduate","1967","28578","1292271"
"0801","I Knew Her Well","1965","28600","2294897"
"0802","Paris Belongs to Us","1961","27724","1477853"
"0803","The Manchurian Candidate","1962","28784","1293840"
"0804","A Brighter Summer Day","1991","28596","1292329"
"0805","A Poem Is a Naked Person","1974","28755","26301718"
"0806","Only Angels Have Wings","1939","28831","1300712"
"0807","Barcelona","1994","28691","1295556"
"0808","Primary","1960","28907","1941752"
"0808","Adventures on the New Frontier","1961","28907","26709364"
"0808","Crisis: Behind a Presidential Commitment","1963","28907","4110339"
"0808","Faces of November","1964","28907","4219887"
"0809","Phoenix","2014","28851","22637441"
"0810","In a Lonely Place","1950","27908","1302923"
"0811","The Naked Island","1960","27774","1303710"
"0812","The Player","1992","28835","1294726"
"0814","Alice in the Cities","1974","27717","1293306"
"0815","Wrong Move","1975","28768","1297813"
"0816","Kings of the Road","1976","28762","1437023"
"0817","Le amiche","1955","28632","1292958"
"0818","La chienne","1931","28393","1306486"
"0819","Here Comes Mr. Jordan","1941","27902","1297648"
"0820","Fantastic Planet","1973","28636","1291989"
"0821","Dr. Strangelove, or: How I Learned to Stop Worrying and Love the Bomb","1964","28822","1322848"
"0822","Clouds of Sils Maria","2014","28748","19976774"
"0823","The In-Laws","1979","28707","1296375"
"0824","Muriel, or The Time of Return","1963","28635","1293844"
"0825","A Touch of Zen","1971","28791","1306490"
"0826","The New World","2005","28713","1419942"
"0827","McCabe & Mrs. Miller","1971","28712","1293950"
"0828","Ingrid Bergman: In Her Own Words","2015","28910","26366455"
"0829","A Taste of Honey","1961","28734","1294664"
"0830","Chimes at Midnight","1966","28756","1422308"
"0831","The Immortal Story","1968","27672","2068301"
"0832","The Story of the Last Chrysanthemum","1939","27729","1293329"
"0833","Cat People","1942","28696","1306489"
"0834","Blood Simple","1984","28852","1302542"
"0835","Valley of the Dolls","1967","28577","1300839"
"0836","Beyond the Valley of the Dolls","1970","28120","1298861"
"0837","Dekalog","1988","28661","1301252"
"0838","Pan’s Labyrinth","2006","28948","1767042"
"0839","Boyhood","2014","28820","2209575"
"0840","The Executioner","1963","28980","1485059"
"0841","Lone Wolf and Cub: Sword of Vengeance","1972","28722","1308595"
"0841","Lone Wolf and Cub: Baby Cart at the River Styx","1972","28723","1307278"
"0841","Lone Wolf and Cub: Baby Cart to Hades","1972","28724","1308028"
"0841","Lone Wolf and Cub: Baby Cart in Peril","1972","28725","1905271"
"0841","Lone Wolf and Cub: Baby Cart in the Land of Demons","1973","28726","1308152"
"0841","Lone Wolf and Cub: White Heaven in Hell","1974","28727","1905275"
"0842","Akira Kurosawa’s Dreams","1990","28700","1299112"
"0843","Punch-Drunk Love","2002","27916","1300211"
"0844","One-Eyed Jacks","1961","28979","1299915"
"0845","The Squid and the Whale","2005","28830","1437377"
"0846","Heart of a Dog","2015","28909","26581349"
"0847","The Asphalt Jungle","1950","28690","1298894"
"0848","Roma","1972","28039","1302815"
"0849","His Girl Friday","1940","27903","1299231"
"0850","Something Wild","1961","28777","3550314"
"0851","Fox and His Friends","1975","27957","1437326"
"0852","Black Girl","1966","28849","2060678"
"0853","Cameraperson","2016","29003","26722604"
"0854","The Tree of Wooden Clogs","1978","28599","1306266"
"0855","Women on the Verge of a Nervous Breakdown","1988","29101","1300952"
"0856","Before Sunrise","1995","28692","1296339"
"0856","Before Sunset","2004","28693","1291990"
"0856","Before Midnight","2013","28828","10808442"
"0857","Before Sunrise","1995","28692","1296339"
"0858","Before Sunset","2004","28693","1291990"
"0859","Before Midnight","2013","28828","10808442"
"0860","Mildred Pierce","1945","29025","1297227"
"0861","45 Years","2015","28908","25839662"
"0862","Canoa: A Shameful Memory","1976","29050","1301373"
"0863","Multiple Maniacs","1970","28954","2073741"
"0864","Being There","1979","29009","1293256"
"0865","Blow-Up","1966","28694","1310176"
"0866","Buena Vista Social Club","1999","28792","1291857"
"0867","Woman of the Year","1942","29137","1294127"
"0868","Tampopo","1985","28880","1294009"
"0869","Rumble Fish","1983","28993","1297347"
"0870","Othello","1952","28621","1296289"
"0871","Dheepan","2015","29103","26295860"
"0872","Ghost World","2001","28687","1304868"
"0873","Taipei Story","1985","29110","1305327"
"0874","Insiang","1976","29099","3752627"
"0875","Mysterious Object at Noon","2000","29098","1307886"
"0876","Revenge","1989","29208","5115762"
"0877","Limite","1931","28407","1925767"
"0878","Law of the Border","1966","28415","3875178"
"0879","Taipei Story","1985","29110","1305327"
"0880","They Live by Night","1948","28717","1298951"
"0881","Marius","1931","28857","1466146"
"0881","Fanny","1932","28858","1297159"
"0881","César","1936","28859","1466149"
"0882","Marius","1931","28857","1466146"
"0883","Fanny","1932","28858","1297159"
"0884","César","1936","28859","1466149"
"0885","The Lodger: A Story of the London Fog","1927","28001","1867801"
"0886","L’argent","1983","27588","1303536"
"0887","Lost in America","1985","29022","1303427"
"0888","Stalker","1979","28150","1295656"
"0889","The Breaking Point","1950","28695","1294203"
"0890","Meantime","1984","28805","1758606"
"0891","La poison","1951","28637","2225022"
"0892","Festival","1967","28889","1861859"
"0893","Certain Women","2016","29212","26341593"
"0894","The Piano Teacher","2001","28739","1306730"
"0895","David Lynch: The Art Life","2016","29285","5041579"
"0896","The Lure","2015","29061","26679181"
"0897","Barry Lyndon","1975","29008","1292472"
"0898","Twin Peaks: Fire Walk with Me","1992","29237","1303472"
"0899","Personal Shopper","2016","29252","26390938"
"0900","The Olympic Games Held at Chamonix in 1924","1925","29360","27123695"
"0900","The Olympic Games as They Were Practiced in Ancient Greece","1924","29360","27170768"
"0900","Les Jeux Olympiques, Paris 1924","1925","29360","25747971"
"0900","Das weiße Stadion","1928","29360","24842935"
"0900","De olympische spelen","1928","29360","5141341"
"0900","Jugend der Welt. Der Film von den IV. Olympischen Winterspielen in Garmisch-Partenkirchen","1936","29360","3532506"
"0900","Olympia 1. Teil - Fest der Völker","1938","29360","1297424"
"0900","Olympia 2. Teil - Fest der Schönheit","1938","29360","1299633"
"0900","Olimpiada en México","1969","29360","2995423"
"0900","Saporro Winter Olympic Games","1972","29360","5055146"
"0900","Visions of Eight","1973","29360","1298851"
"0900","Oh Sports, You Are Peace!","1981","29360","24842936"
"0900","16 Days of Glory","1986","29360","5048345"
"0900","Calgary '88: 16 Days of Glory","1989","29360","5115360"
"0900","Marathon","1992","29360","3071119"
"0900","Atlanta's Olympic Glory","1997","29360","5109763"
"0900","Salt Lake 2002: Stories of Olympic Glory","2003","29360","5227810"
"0900","Bud Greenspan Presents: Torino 2006 Olympics","2007","29360","5179269"
"0900","The Everlasting Flame: Beijing 2008","2009","29360","4016665"
"0900","The Official Film of the London 2012 Olympic Games","2012","29360","25747883"
"0901","The Philadelphia Story","1940","29029","1292840"
"0902","Desert Hearts","1985","29139","1306457"
"0903","Jabberwocky","1977","29266","1757729"
"0904","Election","1999","29335","1296829"
"0905","The Breakfast Club","1985","29272","1295728"
"0906","I, Daniel Blake","2016","29357","26653676"
"0907","Westfront 1918","1930","28137","1421467"
"0908","Kameradschaft","1931","28184","1986864"
"0909","Night of the Living Dead","1968","29331","1297996"
"0910","Tom Jones","1963","28736","1292591"
"0911","The Hero","1966","28449","5225657"
"0912","An Actor’s Revenge","1963","28899","1297019"
"0913","The Age of Innocence","1993","28834","1301465"
"0914","Baal","1970","29060","24882609"
"0915","King of Jazz","1930","29389","1304324"
"0916","Women in Love","1969","28688","1292464"
"0917","The Awful Truth","1937","27904","1297918"
"0918","The Color of Pomegranates","1969","29219","1303542"
"0919","Dead Man","1995","29064","1303462"
"0920","The Virgin Suicides","1999","29336","1297894"
"0921","Moonrise","1948","28550","2969711"
"0922","The Other Side of Hope","2017","29253","26678509"
"0923","Beyond the Hills","2012","28618","10521893"
"0924","Graduation","2016","29414","26340305"
"0925","Midnight Cowboy","1969","29369","1297628"
"0926","Manila in the Claws of Light","1975","29221","3155872"
"0927","El Sur","1983","27745","1477717"
"0928","Bowling for Columbine","2002","28785","1297112"
"0929","Female Trouble","1974","28704","1304866"
"0930","Morocco","1930","28991","1295600"
"0930","Dishonored","1931","28984","1467192"
"0930","Shanghai Express","1932","28166","1293996"
"0930","Blonde Venus","1932","28981","1303774"
"0930","The Scarlet Empress","1934","431","1298465"
"0930","The Devil Is a Woman","1935","28983","1294983"
"0931","Morocco","1930","28991","1295600"
"0932","Dishonored","1931","28984","1467192"
"0933","Shanghai Express","1932","28166","1293996"
"0934","Blonde Venus","1932","28981","1303774"
"0935","The Devil Is a Woman","1935","28983","1294983"
"0936","Bull Durham","1988","29143","1299747"
"0937","Dragon Inn","1967","28790","1459054"
"0938","sex, lies, and videotape","1989","28832","1292341"
"0939","A Matter of Life and Death","1946","28833","1299411"
"0940","The Ballad of Gregorio Cortez","1982","29142","5050536"
"0941","Smithereens","1982","29044","1433167"
"0942","The Tree of Life","2011","28576","2336735"
"0943","Memories of Underdevelopment","1968","29220","1484154"
"0944","Cold Water","1994","29385","21334537"
"0945","A Raisin in the Sun","1961","28826","1294576"
"0946","Eight Hours Don’t Make a Day","1972","29400","1783003"
"0947","Shampoo","1975","28821","1303349"
"0948","The Princess Bride","1987","29368","1297280"
"0949","A Story from Chikamatsu","1954","28160","1303600"
"0950","Some Like It Hot","1959","29162","1292574"
"0951","True Stories","1986","29038","1307564"
"0952","The Magnificent Ambersons","1942","28711","1299214"
"0953","A Dry White Season","1989","29148","1301523"
"0954","Forty Guns","1957","28567","1779544"
"0955","Panique","1946","29510","2241863"
"0956","24 Frames","2017","29399","26872545"
"0957","Mikey and Nicky","1976","27895","1855308"
"0958","4 Months, 3 Weeks and 2 Days","2007","28617","2078989"
"0959","In the Heat of the Night","1967","29459","1295480"
"0960","La vérité","1960","27913","1768303"
"0961","Shame","1968","28877","1293677"
"0962","Death in Venice","1971","28699","1300912"
"0963","To Sleep with Anger","1990","29567","1304256"
"0964","The Kid Brother","1927","28499","1307307"
"0965","Wanda","1970","29450","1855338"
"0966","Detour","1945","29614","1296600"
"0967","I Wanna Hold Your Hand","1978","29000","1302783"
"0968","Japón","2002","28770","1476677"
"0969","Diamonds of the Night","1964","29375","1793762"
"0970","A Face in the Crowd","1957","28703","1301907"
"0971","Police Story","1985","29544","1400868"
"0972","Police Story 2","1988","29545","1304726"
"0973","My Brilliant Career","1979","29065","1305274"
"0974","The Heiress","1949","28986","1293001"
"0975","Funny Games","1997","28836","1306548"
"0976","Let the Sunshine In","2017","29618","26836810"
"0977","Blue Velvet","1986","29144","1298697"
"0978","One Sings, the Other Doesn’t","1977","29436","1297403"
"0979","Swing Time","1936","29037","1306624"
"0980","La vie de Jésus","1997","28075","1293151"
"0981","L’humanité","1999","28074","1304869"
"0982","Hedwig and the Angry Inch","2001","29018","1301926"
"0983","War and Peace","1966","28891","1307067"
"0984","Europa Europa","1990","28040","1294557"
"0985","The Baker’s Wife","1938","29390","1302866"
"0986","1984","1984","29140","1301849"
"0987","Klute","1971","28708","1293480"
"0988","The Inland Sea","1991","28747","3536504"
"0989","The Flavor of Green Tea over Rice","1952","28229","1306183"
"0990","Where Is the Friend’s House?","1987","28638","1301897"
"0991","And Life Goes On","1992","28639","1303471"
"0992","Through the Olive Trees","1994","28077","1303465"
"0993","The Cloud-Capped Star","1960","29059","1460605"
"0994","Local Hero","1983","28709","1300467"
"0995","Polyester","1981","28714","1997233"
"0996","The Circus","1928","27563","1299628"
"0997","Cluny Brown","1946","28564","1294861"
"0998","When We Were Kings","1996","30086","1300184"
"0999","Matewan","1987","29461","1421352"
"1000","Godzilla","1954","27755","2059276"
"1000","Godzilla Raids Again","1955","29338","2062611"
"1000","King Kong vs. Godzilla","1963","30209",""
"1000","Mothra vs. Godzilla","1964","29341",""
"1000","Ghidorah, the Three-Headed Monster","1964","29340",""
"1000","Invasion of Astro-Monster","1965","29344",""
"1000","Ebirah, Horror of the Deep","1966","30101",""
"1000","Son of Godzilla","1967","29346",""
"1000","Destroy All Monsters","1968","29347","2059299"
"1000","All Monsters Attack","1969","29343","2059296"
"1000","Godzilla vs. Hedorah","1971","30102","2063917"
"1000","Godzilla vs. Gigan","1972","30103","2062627"
"1000","Godzilla vs. Megalon","1973","29349","2062626"
"1000","Godzilla vs. Mechagodzilla","1974","29348",""
"1000","Terror of Mechagodzilla","1975","29345",""
"1001","The Daytrippers","1996","29464","1298027"
"1002","Betty Blue","1986","29079","1303053"
"1003","All About Eve","1950","29596","1401385"
"1004","Now, Voyager","1942","29026","1294710"
"1005","Cold War","2018","30104","26894602"
"1006","The Story of Temple Drake","1933","28575","1812109"
"1007","Until the End of the World","1991","28767","1295897"
"1008","Old Joy","2006","29062","1861148"
"1009","Holiday","1938","28829","1301014"
"1010","Le petit soldat","1963","28093","1401512"
"1011","Fail Safe","1964","28825","1293514"
"1012","All About My Mother","1999","29569","1291937"
"1013","Teorema","1968","28660","1297130"
"1014","Roma","2018","30124","1950330"
"1015","Journey to the Beginning of Time","1955","30226","2056031"
"1016","Invention for Destruction","1958","29654","1940670"
"1017","The Fabulous Baron Munchausen","1962","29652",""
"1018","Paris Is Burning","1990","29647","1299344"
"1019","Bamboozled","2000","29007","1308789"
"1020","Leave Her to Heaven","1945","29602","1292892"
"1021","Show Boat","1936","29035","1300516"
"1022","The Prince of Tides","1991","29571","1297398"
"1023","The Cremator","1969","27853","1486017"
"1024","Destry Rides Again","1939","29002","1304404"
"1025","The Grand Budapest Hotel","2014","29601","11525673"
"1026","Me and You and Everyone We Know","2005","29112","1419958"
"1027","The Great Escape","1963","29149","1294947"
"1028","Dance, Girl, Dance","1940","29633","1304153"
"1029","Husbands","1970","28827","1303095"
"1030","Scorsese Shorts","","30616",""
"1031","Wildlife","2018","29644","26847068"
"1032","An Unmarried Woman","1978","29597","1293163"
"1033","The Cameraman","1928","29011","1297549"
"1034","Portrait of a Lady on Fire","2019","30469","30257175"
"1035","Come and See","1985","28895","1422186"
"1036","The Big Boss","1971","29553","1307577"
"1036","Fist of Fury","1972","29556","1294991"
"1036","The Way of the Dragon","1972","29554","1306870"
"1036","Enter the Dragon","1973","30623","1293118"
"1036","Game of Death","1978","29555","1308456"
"1037","The War of the Worlds","1953","29942","1293523"
"1038","Marriage Story","2019","30554","27202818"
"1039","Town Bloody Hall","1979","30213","4250456"
"1040","Toni","1935","27975","1401615"
"1041","The Comfort of Strangers","1990","29638","1303595"
"1042","Beau travail","1999","29646","1306791"
"1043","Christ Stopped at Eboli","1979","30717","1452055"
"1044","Lucía","1968","30298","1401369"
"1044","After the Curfew","1954","30304","10617189"
"1044","Pixote","1980","30307","1298835"
"1044","Dos monjes","1934","30306","2382810"
"1044","Soleil Ô","1970","30299","6030619"
"1044","Downpour","1972","28601","16899635"
"1045","Lucía","1968","30298","1401369"
"1046","After the Curfew","1954","30304","10617189"
"1047","Pixote","1980","30307","1298835"
"1048","Dos monjes","1934","30306","2382810"
"1049","Soleil Ô","1970","30299","6030619"
"1050","Downpour","1972","28601","16899635"
"1051","The Elephant Man","1980","29677","1293200"
"1052","Claudine","1974","29599","3317598"
"1053","The Gunfighter","1950","28568","1296671"
"1054","Parasite","2019","30619","27010768"
"1055","Girlfriends","1978","29635","1902082"
"1056","Moonstruck","1987","29154","1292869"
"1057","Ghost Dog: The Way of the Samurai","1999","31032","1303449"
"1058","The Irishman","2019","30553","6981153"
"1059","Crash","1996","29014","1292682"
"1060","Amores perros","2000","30908","1292216"
"1061","Minding the Gap","2018","30515","27611421"
"1062","Rolling Thunder Revue: A Bob Dylan Story by Martin Scorsese","2019","31036","30430720"
"1063","The Ascent","1977","561",""
"1064","The Parallax View","1974","30204","1293261"
"1065","Mandabi","1968","29067","3425808"
"1066","Man Push Cart","2005","30367","1849177"
"1067","Chop Shop","2007","30288","2977573"
"1068","Smooth Talk","1985","29655","1958670"
"1069","Céline and Julie Go Boating","1974","29639","1418141"
"1070","Secrets & Lies","1996","29202","1294477"
"1071","Defending Your Life","1991","29634","1299011"
"1072","History Is Made at Night","1937","27770","4714175"
"1073","Memories of Murder","2003","31458","1300299"
"1074","Irma Vep","1996","29197","1294802"
"1075","Fast Times at Ridgemont High","1982","30464","1294982"
"1076","Merrily We Go to Hell","1932","30456","3607755"
"1077","Flowers of Shanghai","1998","30521","1303451"
"1078","Nightmare Alley","1947","28571","1302893"
"1079","Streetwise","1984","29631","1303619"
"1080","Tiny: The Life of Erin Blackwell","2016","29656","34439067"
"1081","Visions of Eight","1973","29305","1298851"
"1082","Ethnic Notions","1986","31180","3213441"
"1082","Tongues Untied","1989","31182","1304347"
"1082","Affirmations","1990","31185","26385858"
"1082","Anthem","1991","31184","4915083"
"1082","Color Adjustment","1992","31179","25711833"
"1082","Non, Je Ne Regrette Rien (No Regret)","1993","31183","26385857"
"1082","Black Is . . . Black Ain’t","1995","31178","5342781"
"1083","Pariah","2011","31582","5385557"
"1084","Mirror","1975","28894","1299248"
"1085","Bringing Up Baby","1938","29010","1297657"
"1086","Deep Cover","1992","31499","1292513"
"1087","Working Girls","1986","31084","1616327"
"1088","La piscine","1969","30223","1308459"
"1089","After Life","1998","29081",""
"1090","Original Cast Album: “Company”","1970","30212","2144609"
"1091","Beasts of No Nation","2015","31756",""
"1093","The Story of a Three Day Pass","1967","31848",""
"1094","Watermelon Man","1970","31629","5055911"
"1095","Sweet Sweetback’s Baadasssss Song","1971","32000","2144143"
"1096","Don’t Play Us Cheap","1972","32013",""
"1097","Love & Basketball","2000","31500","1293062"
"1098","The Damned","1969","31319",""
"1099","High Sierra","1941","29019","1293262"
"1100","The Incredible Shrinking Man","1957","28988","1899630"
"1101","Uncut Gems","2019","31917","27045860"
"1102","Devi","1960","27906",""
"1103","Once Upon a Time in China","1991","30712",""
"1103","Once Upon a Time in China II","1992","30711",""
"1103","Once Upon a Time in China III","1993","30710",""
"1103","Once Upon a Time in China IV","1993","31784",""
"1103","Once Upon a Time in China V","1994","31785",""
"1104","Citizen Kane","1941","32250","1292288"
"1105","Menace II Society","1993","31502","1300493"
"1106","One Night in Miami . . .","2020","32171","34461132"
"1107","The Learning Tree","1969","29636","4072731"
"1108","The Celebration","1998","28059","1292908"
"1109","Time","2020","32170",""
"1110","The Piano","1993","30424",""
"1111","Dick Johnson Is Dead","2020","32311",""
"1112","Miller’s Crossing","1990","29604","1292060"
"1113","Boat People","1982","30455","1296557"
"1114","Love Affair","1939","32533","1299065"
"1115","Adoption","1975","31237","1304473"
"1116","The Flight of the Phoenix","1965","28566","1958178"
"1117","love jones","1997","31501","1422901"
"1118","The Last Waltz","1978","29460","1306025"
"1119","Miracle in Milan","1951","28176","1303578"
"1120","The Girl Can’t Help It","1956","29605",""
"1121","Eyimofe (This Is My Desire)","2020","32158",""
"1122","’Round Midnight","1986","29031","1292321"
"1123","Mr. Klein","1976","28112","1305348"
"1124","Chan Is Missing","1982","31920","1918196"
"1125","The Funeral","1984","28879","1293745"
"1126","Double Indemnity","1944","30460","1293226"
"1127","Mississippi Masala","1991","32237","1297483"
"1128","Farewell Amor","2020","32604","34907393"
"1129","Rouge","1987","30738","1299288"
"1130","Shaft","1971","30643","1294071"
"1131","Pink Flamingos","1972","31320","1298230"
"1132","The Worst Person in the World","2021","32661","34447553"
"1133","Okja","2017","32600","26365236"
"1134","Raging Bull","1980","29158","1293155"
"1135","Devil in a Blue Dress","1995","32355","1298906"
"1136","Drive My Car","2021","32441","35235502"
"1137","Frownland","2007","29434","2364828"
"1138","Daddy Longlegs","2009","29117","3707135"
"1139","Hôtel du Nord","1938","27721","1758909"
"1140","Buck and the Preacher","1972","30530",""
"1141","Faya dayi","2021","32189","35288815"
"1142","Sambizanga","1972","33101","4729942"
"1142","Prisioneros de la tierra","1939","30308","3144308"
"1142","Chess of the Wind","1976","31588","26850972"
"1142","Muna moto","1975","33087",""
"1142","Two Girls on the Street","1939","30309",""
"1142","Kalpana","1948","33102",""
"1143","Sambizanga","1972","33101",""
"1144","Prisioneros de la tierra","1939","30308",""
"1145","Chess of the Wind","1976","31588",""
"1146","Muna moto","1975","33087",""
"1147","Two Girls on the Street","1939","30309",""
"1148","Kalpana","1948","33102","5128575"
"1149","Take Out","2004","30084","3079416"
"1150","Exotica","1994","29270",""
"1151","Sound of Metal","2019","32169","26716348"
"1152","Lost Highway","1997","31590","1303459"
"1153","Arsenic and Old Lace","1944","29005","1299412"
"1154","Eve’s Bayou","1997","32658","1295228"
"1155","Cure","1997","27666",""
"1156","La Llorona","2019","33103",""
"1157","Daisies","1966","27854","1296500"
"1158","The Power of the Dog","2021","33332","33437152"
"1159","Infernal Affairs","2002","32453","1307914"
"1159","Infernal Affairs II","2003","32454","1307106"
"1159","Infernal Affairs III","2003","32455",""
"1160","Malcolm X","1992","33245","1292681"
"1161","WALL·E","2008","33246","2131459"
"1162","Loving Couples","1964","30379","1901993"
"1162","Night Games","1966","30380","1826798"
"1162","The Girls","1968","30381",""
"1163","The Seventh Continent","1989","28837","1437410"
"1163","Benny’s Video","1992","28839","1401584"
"1163","71 Fragments of a Chronology of Chance","1994","28838",""
"1164","The Velvet Underground","2021","33386",""
"1165","Cooley High","1975","31689",""
"1166","The Adventures of Baron Munchausen","1988","29570","1301604"
"1167","Imitation of Life","1934","30461",""
"1168","The Element of Crime","1984","619","1298734"
"1168","Epidemic","1987","28078",""
"1168","Europa","1991","768","1296116"
"1169","This Is Not a Burial, It’s a Resurrection","2019","32409","34680094"
"1170","Bergman Island","2021","33380","26867808"
"1171","Romeo and Juliet","1968","30205",""
"1172","India Song","1975","31904","1298347"
"1172","Baxter, Vera Baxter","1977","31905","3103285"
"1173","Hollywood Shuffle","1987","29771","4135265"
"1174","Last Hurrah for Chivalry","1979","29546","1302738"
"1175","Inland Empire","2006","30077","1438734"
"1176","Chilly Scenes of Winter","1979","29145","1902090"
"1177","Mangrove","2020","33630","35207744"
"1177","Lovers Rock","2020","33631","35191268"
"1177","Red, White and Blue","2020","33632",""
"1177","Alex Wheatle","2020","33633","35207746"
"1177","Education","2020","33634",""
"1178","Triangle of Sadness","2022","33532",""
